302	200	https://gravatar.com/	0	https://en.gravatar.com/
403	200		0	https://join.chat/en/powered/?site=Mundilacteos&url=https%3A%2F%2Fmundilacteos.com
403	200		0	https://join.chat/en/powered/?site=Mundilacteos&url=https%3A%2F%2Fmundilacteos.com%2Fauthor%2Fadmin
403	200		0	https://join.chat/en/powered/?site=Mundilacteos&url=https%3A%2F%2Fmundilacteos.com%2Fcategory%2Funcategorized
403	200		0	https://join.chat/en/powered/?site=Mundilacteos&url=https%3A%2F%2Fmundilacteos.com%2Fcontacto
403	200		0	https://join.chat/en/powered/?site=Mundilacteos&url=https%3A%2F%2Fmundilacteos.com%2Fnosotros
403	200		0	https://join.chat/en/powered/?site=Mundilacteos&url=https%3A%2F%2Fmundilacteos.com%2Fproductos
403	200		0	https://join.chat/en/powered/?site=Mundilacteos&url=https%3A%2F%2Fmundilacteos.com%2Fsample-page
403	200		0	https://join.chat/en/powered/?site=Mundilacteos&url=https%3A%2F%2Fmundilacteos.com%2Funcategorized%2Fhello-world
200	200		0	https://mundilacteos.com/
200	200		0	https://mundilacteos.com/author/admin/
200	200		0	https://mundilacteos.com/category/uncategorized/
301	200	https://mundilacteos.com/contacto/	0	https://mundilacteos.com/contacto
200	200		0	https://mundilacteos.com/contacto/
200	200		0	https://mundilacteos.com/nosotros/
301	200	https://mundilacteos.com/productos/	0	https://mundilacteos.com/productos
200	200		0	https://mundilacteos.com/productos/
200	200		0	https://mundilacteos.com/sample-page/
200	200		0	https://mundilacteos.com/uncategorized/hello-world/
302	200	https://mundilacteos.com/wp-login.php?redirect_to=https%3A%2F%2Fmundilacteos.com%2Fwp-admin%2F&reauth=1	0	https://mundilacteos.com/wp-admin/
200	200		0	https://mundilacteos.com/wp-content/uploads/2022/10/FOTO-231.jpg
200	200		0	https://mundilacteos.com/wp-content/uploads/2022/10/FOTO-232.jpg
200	200		0	https://mundilacteos.com/wp-content/uploads/2022/10/Foto-2.jpg
200	200		0	https://mundilacteos.com/wp-content/uploads/2022/10/Foto-3.png
200	200		0	https://mundilacteos.com/wp-content/uploads/2022/10/Foto-5-removebg-preview-1.png
200	200		0	https://mundilacteos.com/wp-content/uploads/2022/10/GArosa.jpg
200	200		0	https://mundilacteos.com/wp-content/uploads/2022/10/Group-12.jpg
200	200		0	https://mundilacteos.com/wp-content/uploads/2022/10/LAbecerrita.png
200	200		0	https://mundilacteos.com/wp-content/uploads/2022/10/Logo.jpg
200	200		0	https://mundilacteos.com/wp-content/uploads/2022/10/Logo_mundilacteos-removebg-preview-copia.png
200	200		0	https://mundilacteos.com/wp-content/uploads/2022/10/Logo_mundilacteos-removebg-preview.png
200	200		0	https://mundilacteos.com/wp-content/uploads/2022/10/Mega-tiendas-.jpg
200	200		0	https://mundilacteos.com/wp-content/uploads/2022/10/Mrbono.jpg
200	200		0	https://mundilacteos.com/wp-content/uploads/2022/10/Olimpica.jpg
200	200		0	https://mundilacteos.com/wp-content/uploads/2022/10/Rapimercar.jpg
200	200		0	https://mundilacteos.com/wp-content/uploads/2022/10/The-cantaro-300x300.png
200	200		0	https://mundilacteos.com/wp-content/uploads/2022/10/The-cantaro-doble-2.png
200	200		0	https://mundilacteos.com/wp-content/uploads/2022/10/The-cantaro.png
200	200		0	https://mundilacteos.com/wp-content/uploads/2022/10/The-cantaro2.png
200	200		0	https://mundilacteos.com/wp-content/uploads/2022/10/The-cantaro3-300x300.png
200	200		0	https://mundilacteos.com/wp-content/uploads/2022/10/The-cantaro3.png
200	200		0	https://secure.gravatar.com/avatar/8a582225fe9d3ae0f77eb2b3786d6e64c4285dc39252157c19c9d9afe202eced?s=120&d=mm&r=g
200	200		0	https://secure.gravatar.com/avatar/8a582225fe9d3ae0f77eb2b3786d6e64c4285dc39252157c19c9d9afe202eced?s=240&d=mm&r=g
200	200		0	https://secure.gravatar.com/avatar/8e1606e6fba450a9362af43874c1b2dfad34c782e33d0a51e1b46c18a2a567dd?s=100&d=mm&r=g
200	200		0	https://secure.gravatar.com/avatar/8e1606e6fba450a9362af43874c1b2dfad34c782e33d0a51e1b46c18a2a567dd?s=50&d=mm&r=g
200	200		0	https://wordpress.org/
302	200	https://www.instagram.com/accounts/login/?next=https%3A%2F%2Fwww.instagram.com%2Fmundilacteos%2F&is_from_rle	0	https://www.instagram.com/mundilacteos/
